Broken URL,Source Page,References
/docs/automations/actions/introduction,/docs/automations/introduction,1
/docs/automations/introduction/actions/email-automations,/docs/start-guide/concepts,1
/docs/automations/triggers/introduction,/docs/automations/introduction,1
/docs/custom-fields/introduction/file,/api/projects/project-activity,2
/docs/dashboards/charts,/solutions/use-case/process-management,1
/docs/features/kanban-board,/platform,1
/docs/features/timeline-gantt-charts,/platform,1
/docs/forms/introduction,/solutions/use-case/service-tickets,1
/docs/forms/qr-codes,/solutions/use-case/service-tickets,1
/docs/integrations/http-request-automations,/platform/features,1
/docs/projects/folders,/solutions/use-case/process-management,1
/docs/projects/lists,/solutions/use-case/process-management,1
/docs/records,/docs/projects/templates,1
/docs/start-guide/introduction,/contact,1
/docs/user-management/roles,/docs/user-management/roles/project-administrator,1
/docs/views/board,/docs/start-guide/concepts,1
/docs/views/board,/docs/records/repeat,1
/docs/workflows,/brand,1
/insights/agency-success-guide,/agency-success-guide/cash-is-king,1
/insights/agency-success-guide,/agency-success-guide/final-thoughts,1
/insights/agency-success-guide,/agency-success-guide/introduction,1
/insights/agency-success-guide,/agency-success-guide/working-with-humans,1
/insights/agency-success-guide,/agency-success-guide/book-write-winning-proposals,1
/insights/agency-success-guide,/agency-success-guide/qualify-your-clients,1
/insights/agency-success-guide,/agency-success-guide/no-rules-here,1
/insights/agency-success-guide,/agency-success-guide/ideal-scenario,1
/insights/agency-success-guide,/agency-success-guide/effective-project-management,1
/insights/agency-success-guide,/agency-success-guide/run-things-effectively,1
/insights/agency-success-guide,/agency-success-guide/delegation-entrepreneurship,1
/insights/agency-success-guide,/agency-success-guide/wildly-different,1
/insights/agency-success-guide,/insights/basecamp,1
/insights/agency-success-guide,/agency-success-guide/what-comes-next,1
/insights/agency-success-guide,/agency-success-guide/nurturing-top-talent,1
/insights/agency-success-guide,/agency-success-guide/concise-reference-guide,1
/insights/agency-success-guide,/agency-success-guide/keep-it-simple,1
/insights/agency-success-guide,/agency-success-guide/building-momentum,1
/insights/agency-success-playbook,/insights/brand-pyramid,1
/insights/agency-success-playbook,/insights/beta-engineering,1
/insights/ai-auto-categorization-engineering,/insights/common-challenges-kanban,1
/insights/applying-critical-thinking-to-process-design,/agency-success-guide/introduction,1
/insights/cash-is-king,/agency-success-guide/ideal-scenario,1
/insights/effective-project-management,/agency-success-guide/introduction,1
/insights/engineering-blog,/insights/large-project-import-export-engineering,1
/insights/faq-security,/insights/automation-examples,1
/insights/insights,/agency-success-guide/introduction,1
/insights/kanban-board-history,/insights/kanban-core-components,1
/insights/kanban-board-history,/insights/kanban-project-management,1
/insights/kanban-board-software-core-components,/insights/kanban-project-management,1
/insights/kanban-board-software-core-components,/insights/common-challenges-kanban,1
/insights/kanban-boards-common-challenges,/insights/push-pull-workflows,1
/insights/no-rules-here,/agency-success-guide/what-comes-next,1
/insights/nurturing-top-talent,/agency-success-guide/delegation-entrepreneurship,1
/insights/open-beta,/insights/blue-to-build-blue,1
/insights/project-management-automation,/insights/project-management-automation-faq,1
/insights/project-management-automations-checkbox-email,/insights/project-management-automation-faq,1
/insights/project-management-automations-checkbox-email,/insights/useful-project-management-automations,1
/insights/project-management-automations-checkbox-email,/insights/automation-examples,1
/insights/project-management-automations-checkbox-email,/insights/kanban-core-components,1
/insights/project-management-basics-guide,/insights/project-management-automation-faq,2
/insights/project-management-basics-guide,/insights/automation-examples,1
/insights/project-management-basics-guide,/insights/project-management-first-principles,1
/insights/project-management-basics-guide,/agency-success-guide/introduction,1
/insights/project-management-basics-guide,/insights/benefits-project-management-automation,1
/insights/project-management-basics-guide,/insights/history-kanban,1
/insights/project-management-basics-guide#understanding-critical-paths,/insights/useful-project-management-automations,1
/insights/push-vs-pull-kanban,/insights/blue-to-build-blue,1
/insights/reference-lookups-custom-fields,/insights/asana,1
/insights/reusable-checklists-automation,/insights/automation-examples,1
/insights/scaling-csv-import-export,/insights/trello,1
/insights/simple-work-breakdown-structure,/insights/blue-to-build-blue,1
/insights/tips-tricks,/insights/documentation-chatbot,1
/insights/unlimited-file-storage-faq,/insights/ai-faq,1
/insights/value-proposition-blue,/insights/custom-permissions-engineering,1
/platform/automation,/brand,1
/platform/chat,/insights/project-management-first-principles,1
/platform/features/dashboardss,/platform,1
/platform/features/pdf-generation,/platform/features,1
/platform/features/search,/platform/features,1
/platform/features/templates,/platform/features,1
/platform/features/user-management,/platform,1
/platform/features/views,/platform,1
/platform/features/views/activity,/platform/features,1
/platform/features/views/audit-trails,/platform/features,1
/platform/features/views/calendar,/platform/features,1
/platform/features/views/database,/platform/features,1
/platform/features/views/filters,/platform/features,1
/platform/features/views/list,/platform/features,1
/platform/features/views/map,/platform/features,1
/platform/features/views/timeline,/platform/features,1
/platform/features/wiki,/platform/features,1
/platform/integrations/albato,/platform/features,1
/platform/integrations/boost-space,/platform/features,1
/platform/integrations/github,/platform/features,1
/platform/performance,/index,1
/platform/wiki-docs,/insights/project-management-first-principles,1
/support,/insights/documentation-chatbot,1
/support,/insights/webhook-product,1
api/start-guide/graphql-playground,/platform/features,1
docs/integrations/calendar-sync,/docs/views/calendar,1
docs/views/list,/docs/views/kanban-board,2
kanban-board-history,/insights/common-challenges-kanban,1
